{"dim1": [640, 480], "dim2": [640, 480], "dim3": [640, 480], "K": [[533.9150184044923, 0.0, 306.7087361844651], [0.0, 533.297848375622, 222.12111900046835], [0.0, 0.0, 1.0]], "D": [[-0.37118872641659667], [4.774158135662269], [-32.99570416586127], [79.58185240515435]], "new_K": [[486.3321817394736, 0.0, 310.0911716297528], [0.0, 485.770014285294, 222.30100176899586], [0.0, 0.0, 1.0]], "scaled_K": [[533.9150184044923, 0.0, 306.7087361844651], [0.0, 533.297848375622, 222.12111900046835], [0.0, 0.0, 1.0]], "balance": 1}