{"dim1": [640, 480], "dim2": [640, 480], "dim3": [640, 480], "K": [[546.9296812917378, 0.0, 305.2037626359917], [0.0, 545.9461608820422, 240.0723396848164], [0.0, 0.0, 1.0]], "D": [[-0.09555705617847499], [0.13416257912984872], [-0.5950553212480504], [0.9424309800381533]], "new_K": [[460.22861840192365, 0.0, 303.3757168442667], [0.0, 459.4010088301498, 240.07537176415673], [0.0, 0.0, 1.0]], "scaled_K": [[546.9296812917378, 0.0, 305.2037626359917], [0.0, 545.9461608820422, 240.07233968481643], [0.0, 0.0, 1.0]], "balance": 1}