{"dim1": [640, 480], "dim2": [640, 480], "dim3": [640, 480], "K": [[543.9626040191056, 0.0, 261.6653938945344], [0.0, 529.4046996808522, 149.99692113380672], [0.0, 0.0, 1.0]], "D": [[-0.05400192169572565], [0.3782797423313383], [-0.8226973898030961], [0.5462606661013836]], "new_K": [[451.771987560407, 0.0, 257.4178774484626], [0.0, 439.68135241561316, 147.09285188773316], [0.0, 0.0, 1.0]], "scaled_K": [[543.9626040191056, 0.0, 261.6653938945344], [0.0, 529.4046996808522, 149.99692113380672], [0.0, 0.0, 1.0]], "balance": 1}